route,route_type,mode,viewport,reveal_count,immersive_stage_count,rendered_count,pending_count,opacity_zero_count,hidden_count,scroll_before,scroll_after,reduced_motion,scroll_behavior,status,notes
/,home,normal-final,1440x900,22,0,22,0,0,0,0,0,false,smooth,pass,
/ulichnaya-mebel/,direction,normal-final,1440x900,21,0,21,0,0,0,0,0,false,smooth,pass,
/ograzhdeniya-i-zabory/,direction,normal-final,1440x900,19,0,19,0,0,0,0,0,false,smooth,pass,
/navesy-i-kozyrki/,direction,normal-final,1440x900,28,6,28,0,0,0,0,0,false,smooth,pass,
/metallokonstruktsii-dlya-biznesa/,direction,normal-final,1440x900,26,6,26,0,0,0,0,0,false,smooth,pass,
/topiarii/,direction,normal-final,1440x900,24,6,24,0,0,0,0,0,false,smooth,pass,
/blagoustroystvo-territoriy/,direction,normal-final,1440x900,31,6,31,0,0,0,0,0,false,smooth,pass,
/stroitelstvo-i-remonty/,direction,normal-final,1440x900,30,6,30,0,0,0,0,0,false,smooth,pass,
/ograzhdeniya-i-zabory/zabory/,category,normal-final,1440x900,11,0,11,0,0,0,0,0,false,smooth,pass,
/ulichnaya-mebel/lavochki-i-skameyki/,category,normal-final,1440x900,27,0,27,0,0,0,0,0,false,smooth,pass,
/ograzhdeniya-i-zabory/vorota/,category,normal-final,1440x900,11,0,11,0,0,0,0,0,false,smooth,pass,
/ulichnaya-mebel/stoly-i-komplekty/,category,normal-final,1440x900,11,0,11,0,0,0,0,0,false,smooth,pass,
/ograzhdeniya-i-zabory/kalitki/,category,normal-final,1440x900,11,0,11,0,0,0,0,0,false,smooth,pass,
/ulichnaya-mebel/urny/,category,normal-final,1440x900,21,0,21,0,0,0,0,0,false,smooth,pass,
/ulichnaya-mebel/vazony-i-tsvetochnitsy/,category,normal-final,1440x900,18,0,18,0,0,0,0,0,false,smooth,pass,
/ograzhdeniya-i-zabory/sekcionnye-ograzhdeniya/,category,normal-final,1440x900,11,0,11,0,0,0,0,0,false,smooth,pass,
/ulichnaya-mebel/veloparkovki/,category,normal-final,1440x900,17,0,17,0,0,0,0,0,false,smooth,pass,
/ograzhdeniya-i-zabory/dekorativnye-ograzhdeniya/,category,normal-final,1440x900,9,0,9,0,0,0,0,0,false,smooth,pass,
/ograzhdeniya-i-zabory/gazonnye-ograzhdeniya/,category,normal-final,1440x900,11,0,11,0,0,0,0,0,false,smooth,pass,
/ulichnaya-mebel/shezlongi/,category,normal-final,1440x900,14,0,14,0,0,0,0,0,false,smooth,pass,
/ulichnaya-mebel/kacheli/,category,normal-final,1440x900,16,0,16,0,0,0,0,0,false,smooth,pass,
/ograzhdeniya-i-zabory/perila-i-poruchni/,category,normal-final,1440x900,10,0,10,0,0,0,0,0,false,smooth,pass,
/ulichnaya-mebel/besedki-i-pergoly/,category,normal-final,1440x900,15,0,15,0,0,0,0,0,false,smooth,pass,
/ograzhdeniya-i-zabory/stolbiki-i-bollardy/,category,normal-final,1440x900,9,0,9,0,0,0,0,0,false,smooth,pass,
/ograzhdeniya-i-zabory/ograzhdeniya-kontejnernyh-ploshchadok/,category,normal-final,1440x900,15,0,15,0,0,0,0,0,false,smooth,pass,
/ulichnaya-mebel/ulichnoe-osveshchenie/,category,normal-final,1440x900,16,0,16,0,0,0,0,0,false,smooth,pass,
/ulichnaya-mebel/malye-elementy/,category,normal-final,1440x900,12,0,12,0,0,0,0,0,false,smooth,pass,
/ulichnaya-mebel/navesy/,category,normal-final,1440x900,13,0,13,0,0,0,0,0,false,smooth,pass,
/ulichnaya-mebel/lavochki-i-skameyki/skamya-smu1-bazovaya/,product,normal-final,1440x900,16,0,16,0,0,0,0,0,false,smooth,pass,
/ulichnaya-mebel/vazony-i-tsvetochnitsy/vazon-ritm/,product,normal-final,1440x900,19,0,19,0,0,0,0,0,false,smooth,pass,
/ulichnaya-mebel/kacheli/kachel-portal/,product,normal-final,1440x900,19,0,19,0,0,0,0,0,false,smooth,pass,
/ograzhdeniya-i-zabory/ograzhdeniya-kontejnernyh-ploshchadok/konteynernaya-ploshchadka-modul/,product,normal-final,1440x900,17,0,17,0,0,0,0,0,false,smooth,pass,
/ulichnaya-mebel/veloparkovki/parkovka-dlya-samokatov-arka/,product,normal-final,1440x900,19,0,19,0,0,0,0,0,false,smooth,pass,
/ulichnaya-mebel/besedki-i-pergoly/pergola-lamel/,product,normal-final,1440x900,18,0,18,0,0,0,0,0,false,smooth,pass,
/ulichnaya-mebel/malye-elementy/sidenie-pilon/,product,normal-final,1440x900,16,0,16,0,0,0,0,0,false,smooth,pass,
/ulichnaya-mebel/lavochki-i-skameyki/skamya-loft/,product,normal-final,1440x900,19,0,19,0,0,0,0,0,false,smooth,pass,
/ulichnaya-mebel/stoly-i-komplekty/stol-so-skamyami-orbita/,product,normal-final,1440x900,14,0,14,0,0,0,0,0,false,smooth,pass,
/ulichnaya-mebel/urny/urna-vertikal/,product,normal-final,1440x900,19,0,19,0,0,0,0,0,false,smooth,pass,
/ulichnaya-mebel/ulichnoe-osveshchenie/fonar-vektor/,product,normal-final,1440x900,19,0,19,0,0,0,0,0,false,smooth,pass,
/ulichnaya-mebel/shezlongi/shezlong-volna/,product,normal-final,1440x900,18,0,18,0,0,0,0,0,false,smooth,pass,
/ulichnaya-mebel/navesy/ekran-s-navesom/,product,normal-final,1440x900,17,0,17,0,0,0,0,0,false,smooth,pass,
/ulichnaya-mebel/vazony-i-tsvetochnitsy/vazon-kontur/,product,normal-final,1440x900,19,0,19,0,0,0,0,0,false,smooth,pass,
/ulichnaya-mebel/veloparkovki/veloparkovka-marker/,product,normal-final,1440x900,19,0,19,0,0,0,0,0,false,smooth,pass,
/ulichnaya-mebel/kacheli/kachel-duga/,product,normal-final,1440x900,19,0,19,0,0,0,0,0,false,smooth,pass,
/ograzhdeniya-i-zabory/ograzhdeniya-kontejnernyh-ploshchadok/konteynernaya-ploshchadka-zakrytaya/,product,normal-final,1440x900,17,0,17,0,0,0,0,0,false,smooth,pass,
/ulichnaya-mebel/navesy/naves-terra/,product,normal-final,1440x900,17,0,17,0,0,0,0,0,false,smooth,pass,
/ulichnaya-mebel/besedki-i-pergoly/pergola-s-lavkoy/,product,normal-final,1440x900,18,0,18,0,0,0,0,0,false,smooth,pass,
/ulichnaya-mebel/malye-elementy/sidenie-kub/,product,normal-final,1440x900,16,0,16,0,0,0,0,0,false,smooth,pass,
/ulichnaya-mebel/lavochki-i-skameyki/skamya-volna/,product,normal-final,1440x900,19,0,19,0,0,0,0,0,false,smooth,pass,
/ulichnaya-mebel/urny/urna-monolit/,product,normal-final,1440x900,19,0,19,0,0,0,0,0,false,smooth,pass,
/ulichnaya-mebel/ulichnoe-osveshchenie/fonar-vektor-vysokiy/,product,normal-final,1440x900,19,0,19,0,0,0,0,0,false,smooth,pass,
/ulichnaya-mebel/shezlongi/shezlong-dyuna/,product,normal-final,1440x900,18,0,18,0,0,0,0,0,false,smooth,pass,
/ulichnaya-mebel/besedki-i-pergoly/besedka-kofe/,product,normal-final,1440x900,18,0,18,0,0,0,0,0,false,smooth,pass,
/ulichnaya-mebel/vazony-i-tsvetochnitsy/vazon-koltso/,product,normal-final,1440x900,19,0,19,0,0,0,0,0,false,smooth,pass,
/ulichnaya-mebel/veloparkovki/veloparkovka-pik/,product,normal-final,1440x900,19,0,19,0,0,0,0,0,false,smooth,pass,
/ulichnaya-mebel/kacheli/kacheli-pergola/,product,normal-final,1440x900,19,0,19,0,0,0,0,0,false,smooth,pass,
/ograzhdeniya-i-zabory/ograzhdeniya-kontejnernyh-ploshchadok/konteynernaya-ploshchadka-duo/,product,normal-final,1440x900,17,0,17,0,0,0,0,0,false,smooth,pass,
/ulichnaya-mebel/navesy/naves-galereya/,product,normal-final,1440x900,17,0,17,0,0,0,0,0,false,smooth,pass,
/ulichnaya-mebel/lavochki-i-skameyki/skamya-liniya/,product,normal-final,1440x900,19,0,19,0,0,0,0,0,false,smooth,pass,
/ulichnaya-mebel/urny/urna-panel/,product,normal-final,1440x900,19,0,19,0,0,0,0,0,false,smooth,pass,
/ulichnaya-mebel/ulichnoe-osveshchenie/fonar-sektor/,product,normal-final,1440x900,19,0,19,0,0,0,0,0,false,smooth,pass,
/ulichnaya-mebel/shezlongi/shezlong-vitok/,product,normal-final,1440x900,18,0,18,0,0,0,0,0,false,smooth,pass,
/ulichnaya-mebel/besedki-i-pergoly/besedka-kub/,product,normal-final,1440x900,18,0,18,0,0,0,0,0,false,smooth,pass,
/ulichnaya-mebel/vazony-i-tsvetochnitsy/vazon-gorizont/,product,normal-final,1440x900,19,0,19,0,0,0,0,0,false,smooth,pass,
/ulichnaya-mebel/veloparkovki/veloparkovka-duga/,product,normal-final,1440x900,19,0,19,0,0,0,0,0,false,smooth,pass,
/ulichnaya-mebel/kacheli/kachel-s-navesom/,product,normal-final,1440x900,19,0,19,0,0,0,0,0,false,smooth,pass,
/ulichnaya-mebel/lavochki-i-skameyki/skamya-radius/,product,normal-final,1440x900,19,0,19,0,0,0,0,0,false,smooth,pass,
/ulichnaya-mebel/urny/urna-blok/,product,normal-final,1440x900,19,0,19,0,0,0,0,0,false,smooth,pass,
/ulichnaya-mebel/ulichnoe-osveshchenie/fonar-mayak/,product,normal-final,1440x900,19,0,19,0,0,0,0,0,false,smooth,pass,
/ulichnaya-mebel/shezlongi/shezlong-siluet/,product,normal-final,1440x900,18,0,18,0,0,0,0,0,false,smooth,pass,
/ulichnaya-mebel/vazony-i-tsvetochnitsy/vazon-soft/,product,normal-final,1440x900,19,0,19,0,0,0,0,0,false,smooth,pass,
/ulichnaya-mebel/veloparkovki/veloparkovka-pilon/,product,normal-final,1440x900,19,0,19,0,0,0,0,0,false,smooth,pass,
/ulichnaya-mebel/kacheli/kacheli-s-dlinnym-navesom/,product,normal-final,1440x900,19,0,19,0,0,0,0,0,false,smooth,pass,
/ulichnaya-mebel/lavochki-i-skameyki/skamya-radius-so-spinkami/,product,normal-final,1440x900,19,0,19,0,0,0,0,0,false,smooth,pass,
/ulichnaya-mebel/urny/urna-kolonna/,product,normal-final,1440x900,19,0,19,0,0,0,0,0,false,smooth,pass,
/ulichnaya-mebel/ulichnoe-osveshchenie/fonar-prizma/,product,normal-final,1440x900,19,0,19,0,0,0,0,0,false,smooth,pass,
/ulichnaya-mebel/vazony-i-tsvetochnitsy/vazon-lenta/,product,normal-final,1440x900,19,0,19,0,0,0,0,0,false,smooth,pass,
/ulichnaya-mebel/veloparkovki/veloparkovka-ramka/,product,normal-final,1440x900,19,0,19,0,0,0,0,0,false,smooth,pass,
/ulichnaya-mebel/kacheli/kachel-patio/,product,normal-final,1440x900,19,0,19,0,0,0,0,0,false,smooth,pass,
/ulichnaya-mebel/lavochki-i-skameyki/skamya-liniya-so-spinkami/,product,normal-final,1440x900,19,0,19,0,0,0,0,0,false,smooth,pass,
/ulichnaya-mebel/urny/urna-profil/,product,normal-final,1440x900,19,0,19,0,0,0,0,0,false,smooth,pass,
/ulichnaya-mebel/ulichnoe-osveshchenie/fonar-liniya/,product,normal-final,1440x900,19,0,19,0,0,0,0,0,false,smooth,pass,
/ulichnaya-mebel/vazony-i-tsvetochnitsy/vazon-oval/,product,normal-final,1440x900,19,0,19,0,0,0,0,0,false,smooth,pass,
/ulichnaya-mebel/lavochki-i-skameyki/skamya-kontur/,product,normal-final,1440x900,19,0,19,0,0,0,0,0,false,smooth,pass,
/ulichnaya-mebel/urny/urna-layn/,product,normal-final,1440x900,19,0,19,0,0,0,0,0,false,smooth,pass,
/ulichnaya-mebel/lavochki-i-skameyki/skamya-kapsula/,product,normal-final,1440x900,19,0,19,0,0,0,0,0,false,smooth,pass,
/ulichnaya-mebel/urny/urna-slim/,product,normal-final,1440x900,19,0,19,0,0,0,0,0,false,smooth,pass,
/ulichnaya-mebel/lavochki-i-skameyki/skamya-plato/,product,normal-final,1440x900,19,0,19,0,0,0,0,0,false,smooth,pass,
/ulichnaya-mebel/urny/stantsiya-razdelnogo-sbora/,product,normal-final,1440x900,19,0,19,0,0,0,0,0,false,smooth,pass,
/ulichnaya-mebel/lavochki-i-skameyki/skamya-podium/,product,normal-final,1440x900,19,0,19,0,0,0,0,0,false,smooth,pass,
/ulichnaya-mebel/urny/urna-ellips/,product,normal-final,1440x900,19,0,19,0,0,0,0,0,false,smooth,pass,
/ulichnaya-mebel/lavochki-i-skameyki/skamya-skoba/,product,normal-final,1440x900,19,0,19,0,0,0,0,0,false,smooth,pass,
/ulichnaya-mebel/lavochki-i-skameyki/skamya-bulvar/,product,normal-final,1440x900,19,0,19,0,0,0,0,0,false,smooth,pass,
/ulichnaya-mebel/lavochki-i-skameyki/skamya-park/,product,normal-final,1440x900,19,0,19,0,0,0,0,0,false,smooth,pass,
/ulichnaya-mebel/lavochki-i-skameyki/skamya-reyka/,product,normal-final,1440x900,19,0,19,0,0,0,0,0,false,smooth,pass,
/ulichnaya-mebel/lavochki-i-skameyki/bolshaya-skameyka-amplituda/,product,normal-final,1440x900,19,0,19,0,0,0,0,0,false,smooth,pass,
/vypolnennye-obekty/,projects-archive,normal-final,1440x900,8,0,8,0,0,0,0,0,false,smooth,pass,
/vypolnennye-obekty/blagoustroystvo-naberezhnoy-reki-tobol/,project,normal-final,1440x900,12,0,12,0,0,0,0,0,false,smooth,pass,
/vypolnennye-obekty/remont-skvera-na-ulitse-gogolya/,project,normal-final,1440x900,8,0,8,0,0,0,0,0,false,smooth,pass,
/vypolnennye-obekty/kompleks-rabot-na-proizvodstvennoy-territorii/,project,normal-final,1440x900,11,0,11,0,0,0,0,0,false,smooth,pass,
/vypolnennye-obekty/gorodskie-kacheli-dlya-obshchestvennyh-territoriy/,project,normal-final,1440x900,10,0,10,0,0,0,0,0,false,smooth,pass,
/o-nas/,company,normal-final,1440x900,24,0,24,0,0,0,0,0,false,smooth,pass,
/kontakty/,contacts,normal-final,1440x900,15,0,15,0,0,0,0,0,false,smooth,pass,
/vakansii/,vacancies,normal-final,1440x900,3,0,3,0,0,0,0,0,false,smooth,pass,
/vakansii/svarshchik-metallokonstruktsiy/,vacancy,normal-final,1440x900,7,0,7,0,0,0,0,0,false,smooth,pass,
/politika-konfidencialnosti/,privacy,normal-final,1440x900,2,0,2,0,0,0,0,0,false,smooth,pass,
/izgotovlenie-na-zakaz/,custom-order,normal-final,1440x900,20,0,20,0,0,0,0,0,false,smooth,pass,
/,home,reduced-initial,1440x900,22,0,22,0,0,0,0,0,true,auto,pass,
/metallokonstruktsii-dlya-biznesa/,direction,reduced-initial,1440x900,26,6,26,0,0,0,0,0,true,auto,pass,
/blagoustroystvo-territoriy/,direction,reduced-initial,1440x900,31,6,31,0,0,0,0,0,true,auto,pass,
/stroitelstvo-i-remonty/,direction,reduced-initial,1440x900,30,6,30,0,0,0,0,0,true,auto,pass,
/navesy-i-kozyrki/,direction,reduced-initial,1440x900,28,6,28,0,0,0,0,0,true,auto,pass,
/topiarii/,direction,reduced-initial,1440x900,24,6,24,0,0,0,0,0,true,auto,pass,
/ulichnaya-mebel/,direction,reduced-initial,1440x900,21,0,21,0,0,0,0,0,true,auto,pass,
/ulichnaya-mebel/kacheli/,category,reduced-initial,1440x900,16,0,16,0,0,0,0,0,true,auto,pass,
/ulichnaya-mebel/kacheli/kachel-duga/,product,reduced-initial,1440x900,19,0,19,0,0,0,0,0,true,auto,pass,
/vypolnennye-obekty/,projects-archive,reduced-initial,1440x900,8,0,8,0,0,0,0,0,true,auto,pass,
/o-nas/,company,reduced-initial,1440x900,24,0,24,0,0,0,0,0,true,auto,pass,
/kontakty/,contacts,reduced-initial,1440x900,15,0,15,0,0,0,0,0,true,auto,pass,
/vakansii/,vacancies,reduced-initial,1440x900,3,0,3,0,0,0,0,0,true,auto,pass,
/izgotovlenie-na-zakaz/,custom-order,reduced-initial,1440x900,20,0,20,0,0,0,0,0,true,auto,pass,
/politika-konfidencialnosti/,privacy,reduced-initial,1440x900,2,0,2,0,0,0,0,0,true,auto,pass,
