route,type,html_exists,canonical,canonical_ok,robots,robots_ok,h1_count,h1,v2_shell,design_lab_links,duplicate_ids,broken_media,status,notes
/,home,true,/,true,"index, follow",true,1,"Изделия, конструкции и комплексные работы на объекте",true,0,0,0,pass,
/metallokonstruktsii-dlya-biznesa/,direction,true,/metallokonstruktsii-dlya-biznesa/,true,"index, follow",true,1,Металлоконструкции под объект,true,0,0,0,pass,
/navesy-i-kozyrki/,direction,true,/navesy-i-kozyrki/,true,"index, follow",true,1,Навесы и козырьки под объект,true,0,0,0,pass,
/ograzhdeniya-i-zabory/,direction,true,/ograzhdeniya-i-zabory/,true,"index, follow",true,1,"Ограждения, заборы и входные группы под объект",true,0,0,0,pass,
/topiarii/,direction,true,/topiarii/,true,"index, follow",true,1,Топиарии под заказ,true,0,0,0,pass,
/ulichnaya-mebel/,direction,true,/ulichnaya-mebel/,true,"index, follow",true,1,Уличная мебель для общественных и коммерческих пространств,true,0,0,0,pass,
/blagoustroystvo-territoriy/,direction,true,/blagoustroystvo-territoriy/,true,"index, follow",true,1,Благоустройство территорий,true,0,0,0,pass,
/stroitelstvo-i-remonty/,direction,true,/stroitelstvo-i-remonty/,true,"index, follow",true,1,Строительные и ремонтные работы,true,0,0,0,pass,
/ulichnaya-mebel/besedki-i-pergoly/,category,true,/ulichnaya-mebel/besedki-i-pergoly/,true,"index, follow",true,1,Беседки и перголы для зон отдыха,true,0,0,0,pass,
/ograzhdeniya-i-zabory/dekorativnye-ograzhdeniya/,category,true,/ograzhdeniya-i-zabory/dekorativnye-ograzhdeniya/,true,"index, follow",true,1,Декоративные ограждения,true,0,0,0,pass,
/ograzhdeniya-i-zabory/gazonnye-ograzhdeniya/,category,true,/ograzhdeniya-i-zabory/gazonnye-ograzhdeniya/,true,"index, follow",true,1,Газонные ограждения,true,0,0,0,pass,
/ulichnaya-mebel/kacheli/,category,true,/ulichnaya-mebel/kacheli/,true,"index, follow",true,1,Качели,true,0,0,0,pass,
/ograzhdeniya-i-zabory/kalitki/,category,true,/ograzhdeniya-i-zabory/kalitki/,true,"index, follow",true,1,Калитки под заказ,true,0,0,0,pass,
/ulichnaya-mebel/lavochki-i-skameyki/,category,true,/ulichnaya-mebel/lavochki-i-skameyki/,true,"index, follow",true,1,"Лавочки и скамейки для парков, дворов и коммерческих объектов",true,0,0,0,pass,
/ulichnaya-mebel/malye-elementy/,category,true,/ulichnaya-mebel/malye-elementy/,true,"index, follow",true,1,Малые элементы,true,0,0,0,pass,
/ulichnaya-mebel/navesy/,category,true,/ulichnaya-mebel/navesy/,true,"index, follow",true,1,Навесы,true,0,0,0,pass,
/ograzhdeniya-i-zabory/ograzhdeniya-kontejnernyh-ploshchadok/,category,true,/ograzhdeniya-i-zabory/ograzhdeniya-kontejnernyh-ploshchadok/,true,"index, follow",true,1,Ограждения контейнерных площадок,true,0,0,0,pass,
/ograzhdeniya-i-zabory/perila-i-poruchni/,category,true,/ograzhdeniya-i-zabory/perila-i-poruchni/,true,"index, follow",true,1,Перила и поручни,true,0,0,0,pass,
/ograzhdeniya-i-zabory/sekcionnye-ograzhdeniya/,category,true,/ograzhdeniya-i-zabory/sekcionnye-ograzhdeniya/,true,"index, follow",true,1,Секционные ограждения,true,0,0,0,pass,
/ulichnaya-mebel/shezlongi/,category,true,/ulichnaya-mebel/shezlongi/,true,"index, follow",true,1,Шезлонги,true,0,0,0,pass,
/ograzhdeniya-i-zabory/stolbiki-i-bollardy/,category,true,/ograzhdeniya-i-zabory/stolbiki-i-bollardy/,true,"index, follow",true,1,Столбики и болларды,true,0,0,0,pass,
/ulichnaya-mebel/stoly-i-komplekty/,category,true,/ulichnaya-mebel/stoly-i-komplekty/,true,"index, follow",true,1,Столы и комплекты,true,0,0,0,pass,
/ulichnaya-mebel/ulichnoe-osveshchenie/,category,true,/ulichnaya-mebel/ulichnoe-osveshchenie/,true,"index, follow",true,1,Уличное освещение,true,0,0,0,pass,
/ulichnaya-mebel/urny/,category,true,/ulichnaya-mebel/urny/,true,"index, follow",true,1,Урны для общественных пространств и коммерческих территорий,true,0,0,0,pass,
/ulichnaya-mebel/vazony-i-tsvetochnitsy/,category,true,/ulichnaya-mebel/vazony-i-tsvetochnitsy/,true,"index, follow",true,1,Вазоны и цветочницы для общественных и коммерческих территорий,true,0,0,0,pass,
/ulichnaya-mebel/veloparkovki/,category,true,/ulichnaya-mebel/veloparkovki/,true,"index, follow",true,1,"Велопарковки для жилых, коммерческих и общественных объектов",true,0,0,0,pass,
/ograzhdeniya-i-zabory/vorota/,category,true,/ograzhdeniya-i-zabory/vorota/,true,"index, follow",true,1,Ворота под заказ,true,0,0,0,pass,
/ograzhdeniya-i-zabory/zabory/,category,true,/ograzhdeniya-i-zabory/zabory/,true,"index, follow",true,1,Заборы под заказ,true,0,0,0,pass,
/ulichnaya-mebel/besedki-i-pergoly/besedka-kofe/,product,true,/ulichnaya-mebel/besedki-i-pergoly/besedka-kofe/,true,"index, follow",true,1,Беседка Кофе,true,0,0,0,pass,
/ulichnaya-mebel/besedki-i-pergoly/besedka-kub/,product,true,/ulichnaya-mebel/besedki-i-pergoly/besedka-kub/,true,"index, follow",true,1,Беседка Куб,true,0,0,0,pass,
/ulichnaya-mebel/lavochki-i-skameyki/bolshaya-skameyka-amplituda/,product,true,/ulichnaya-mebel/lavochki-i-skameyki/bolshaya-skameyka-amplituda/,true,"index, follow",true,1,Большая скамья «Амплитуда»,true,0,0,0,pass,
/ulichnaya-mebel/navesy/ekran-s-navesom/,product,true,/ulichnaya-mebel/navesy/ekran-s-navesom/,true,"index, follow",true,1,Экран с навесом,true,0,0,0,pass,
/ulichnaya-mebel/ulichnoe-osveshchenie/fonar-liniya/,product,true,/ulichnaya-mebel/ulichnoe-osveshchenie/fonar-liniya/,true,"index, follow",true,1,Фонарь Линия,true,0,0,0,pass,
/ulichnaya-mebel/ulichnoe-osveshchenie/fonar-mayak/,product,true,/ulichnaya-mebel/ulichnoe-osveshchenie/fonar-mayak/,true,"index, follow",true,1,Фонарь Маяк,true,0,0,0,pass,
/ulichnaya-mebel/ulichnoe-osveshchenie/fonar-prizma/,product,true,/ulichnaya-mebel/ulichnoe-osveshchenie/fonar-prizma/,true,"index, follow",true,1,Фонарь Призма,true,0,0,0,pass,
/ulichnaya-mebel/ulichnoe-osveshchenie/fonar-sektor/,product,true,/ulichnaya-mebel/ulichnoe-osveshchenie/fonar-sektor/,true,"index, follow",true,1,Фонарь Сектор,true,0,0,0,pass,
/ulichnaya-mebel/ulichnoe-osveshchenie/fonar-vektor-vysokiy/,product,true,/ulichnaya-mebel/ulichnoe-osveshchenie/fonar-vektor-vysokiy/,true,"index, follow",true,1,Фонарь Вектор высокий,true,0,0,0,pass,
/ulichnaya-mebel/ulichnoe-osveshchenie/fonar-vektor/,product,true,/ulichnaya-mebel/ulichnoe-osveshchenie/fonar-vektor/,true,"index, follow",true,1,Фонарь Вектор,true,0,0,0,pass,
/ulichnaya-mebel/kacheli/kachel-duga/,product,true,/ulichnaya-mebel/kacheli/kachel-duga/,true,"index, follow",true,1,Качель Дуга,true,0,0,0,pass,
/ulichnaya-mebel/kacheli/kachel-patio/,product,true,/ulichnaya-mebel/kacheli/kachel-patio/,true,"index, follow",true,1,Качель Патио,true,0,0,0,pass,
/ulichnaya-mebel/kacheli/kachel-portal/,product,true,/ulichnaya-mebel/kacheli/kachel-portal/,true,"index, follow",true,1,Качель Портал,true,0,0,0,pass,
/ulichnaya-mebel/kacheli/kachel-s-navesom/,product,true,/ulichnaya-mebel/kacheli/kachel-s-navesom/,true,"index, follow",true,1,Качель с навесом,true,0,0,0,pass,
/ulichnaya-mebel/kacheli/kacheli-pergola/,product,true,/ulichnaya-mebel/kacheli/kacheli-pergola/,true,"index, follow",true,1,Качели Пергола,true,0,0,0,pass,
/ulichnaya-mebel/kacheli/kacheli-s-dlinnym-navesom/,product,true,/ulichnaya-mebel/kacheli/kacheli-s-dlinnym-navesom/,true,"index, follow",true,1,Качели с длинным навесом,true,0,0,0,pass,
/ograzhdeniya-i-zabory/ograzhdeniya-kontejnernyh-ploshchadok/konteynernaya-ploshchadka-duo/,product,true,/ograzhdeniya-i-zabory/ograzhdeniya-kontejnernyh-ploshchadok/konteynernaya-ploshchadka-duo/,true,"index, follow",true,1,Контейнерная площадка Дуо,true,0,0,0,pass,
/ograzhdeniya-i-zabory/ograzhdeniya-kontejnernyh-ploshchadok/konteynernaya-ploshchadka-modul/,product,true,/ograzhdeniya-i-zabory/ograzhdeniya-kontejnernyh-ploshchadok/konteynernaya-ploshchadka-modul/,true,"index, follow",true,1,Контейнерная площадка Модуль,true,0,0,0,pass,
/ograzhdeniya-i-zabory/ograzhdeniya-kontejnernyh-ploshchadok/konteynernaya-ploshchadka-zakrytaya/,product,true,/ograzhdeniya-i-zabory/ograzhdeniya-kontejnernyh-ploshchadok/konteynernaya-ploshchadka-zakrytaya/,true,"index, follow",true,1,Контейнерная площадка закрытая,true,0,0,0,pass,
/ulichnaya-mebel/navesy/naves-galereya/,product,true,/ulichnaya-mebel/navesy/naves-galereya/,true,"index, follow",true,1,Навес Галерея,true,0,0,0,pass,
/ulichnaya-mebel/navesy/naves-terra/,product,true,/ulichnaya-mebel/navesy/naves-terra/,true,"index, follow",true,1,Навес Терра,true,0,0,0,pass,
/ulichnaya-mebel/veloparkovki/parkovka-dlya-samokatov-arka/,product,true,/ulichnaya-mebel/veloparkovki/parkovka-dlya-samokatov-arka/,true,"index, follow",true,1,Парковка для самокатов Арка,true,0,0,0,pass,
/ulichnaya-mebel/besedki-i-pergoly/pergola-lamel/,product,true,/ulichnaya-mebel/besedki-i-pergoly/pergola-lamel/,true,"index, follow",true,1,Пергола Ламель,true,0,0,0,pass,
/ulichnaya-mebel/besedki-i-pergoly/pergola-s-lavkoy/,product,true,/ulichnaya-mebel/besedki-i-pergoly/pergola-s-lavkoy/,true,"index, follow",true,1,Пергола с лавкой,true,0,0,0,pass,
/ulichnaya-mebel/shezlongi/shezlong-dyuna/,product,true,/ulichnaya-mebel/shezlongi/shezlong-dyuna/,true,"index, follow",true,1,Шезлонг Дюна,true,0,0,0,pass,
/ulichnaya-mebel/shezlongi/shezlong-siluet/,product,true,/ulichnaya-mebel/shezlongi/shezlong-siluet/,true,"index, follow",true,1,Шезлонг Силуэт,true,0,0,0,pass,
/ulichnaya-mebel/shezlongi/shezlong-vitok/,product,true,/ulichnaya-mebel/shezlongi/shezlong-vitok/,true,"index, follow",true,1,Шезлонг Виток,true,0,0,0,pass,
/ulichnaya-mebel/shezlongi/shezlong-volna/,product,true,/ulichnaya-mebel/shezlongi/shezlong-volna/,true,"index, follow",true,1,Шезлонг Волна,true,0,0,0,pass,
/ulichnaya-mebel/malye-elementy/sidenie-kub/,product,true,/ulichnaya-mebel/malye-elementy/sidenie-kub/,true,"index, follow",true,1,Сиденье Куб,true,0,0,0,pass,
/ulichnaya-mebel/malye-elementy/sidenie-pilon/,product,true,/ulichnaya-mebel/malye-elementy/sidenie-pilon/,true,"index, follow",true,1,Сиденье Пилон,true,0,0,0,pass,
/ulichnaya-mebel/lavochki-i-skameyki/skamya-bulvar/,product,true,/ulichnaya-mebel/lavochki-i-skameyki/skamya-bulvar/,true,"index, follow",true,1,Скамья Бульвар,true,0,0,0,pass,
/ulichnaya-mebel/lavochki-i-skameyki/skamya-kapsula/,product,true,/ulichnaya-mebel/lavochki-i-skameyki/skamya-kapsula/,true,"index, follow",true,1,Скамья Капсула,true,0,0,0,pass,
/ulichnaya-mebel/lavochki-i-skameyki/skamya-kontur/,product,true,/ulichnaya-mebel/lavochki-i-skameyki/skamya-kontur/,true,"index, follow",true,1,Скамья Контур,true,0,0,0,pass,
/ulichnaya-mebel/lavochki-i-skameyki/skamya-liniya-so-spinkami/,product,true,/ulichnaya-mebel/lavochki-i-skameyki/skamya-liniya-so-spinkami/,true,"index, follow",true,1,Скамья Линия со спинками,true,0,0,0,pass,
/ulichnaya-mebel/lavochki-i-skameyki/skamya-liniya/,product,true,/ulichnaya-mebel/lavochki-i-skameyki/skamya-liniya/,true,"index, follow",true,1,Скамья Линия,true,0,0,0,pass,
/ulichnaya-mebel/lavochki-i-skameyki/skamya-loft/,product,true,/ulichnaya-mebel/lavochki-i-skameyki/skamya-loft/,true,"index, follow",true,1,Скамья Лофт,true,0,0,0,pass,
/ulichnaya-mebel/lavochki-i-skameyki/skamya-park/,product,true,/ulichnaya-mebel/lavochki-i-skameyki/skamya-park/,true,"index, follow",true,1,Скамья Парк,true,0,0,0,pass,
/ulichnaya-mebel/lavochki-i-skameyki/skamya-plato/,product,true,/ulichnaya-mebel/lavochki-i-skameyki/skamya-plato/,true,"index, follow",true,1,Скамья Плато,true,0,0,0,pass,
/ulichnaya-mebel/lavochki-i-skameyki/skamya-podium/,product,true,/ulichnaya-mebel/lavochki-i-skameyki/skamya-podium/,true,"index, follow",true,1,Скамья Подиум,true,0,0,0,pass,
/ulichnaya-mebel/lavochki-i-skameyki/skamya-radius-so-spinkami/,product,true,/ulichnaya-mebel/lavochki-i-skameyki/skamya-radius-so-spinkami/,true,"index, follow",true,1,Скамья Радиус со спинками,true,0,0,0,pass,
/ulichnaya-mebel/lavochki-i-skameyki/skamya-radius/,product,true,/ulichnaya-mebel/lavochki-i-skameyki/skamya-radius/,true,"index, follow",true,1,Скамья Радиус,true,0,0,0,pass,
/ulichnaya-mebel/lavochki-i-skameyki/skamya-reyka/,product,true,/ulichnaya-mebel/lavochki-i-skameyki/skamya-reyka/,true,"index, follow",true,1,Скамья Рейка,true,0,0,0,pass,
/ulichnaya-mebel/lavochki-i-skameyki/skamya-skoba/,product,true,/ulichnaya-mebel/lavochki-i-skameyki/skamya-skoba/,true,"index, follow",true,1,Скамья Скоба,true,0,0,0,pass,
/ulichnaya-mebel/lavochki-i-skameyki/skamya-smu1-bazovaya/,product,true,/ulichnaya-mebel/lavochki-i-skameyki/skamya-smu1-bazovaya/,true,"index, follow",true,1,Скамья СМУ-1 Базовая,true,0,0,0,pass,
/ulichnaya-mebel/lavochki-i-skameyki/skamya-volna/,product,true,/ulichnaya-mebel/lavochki-i-skameyki/skamya-volna/,true,"index, follow",true,1,Скамья Волна,true,0,0,0,pass,
/ulichnaya-mebel/urny/stantsiya-razdelnogo-sbora/,product,true,/ulichnaya-mebel/urny/stantsiya-razdelnogo-sbora/,true,"index, follow",true,1,Станция раздельного сбора,true,0,0,0,pass,
/ulichnaya-mebel/stoly-i-komplekty/stol-so-skamyami-orbita/,product,true,/ulichnaya-mebel/stoly-i-komplekty/stol-so-skamyami-orbita/,true,"index, follow",true,1,Стол со скамьями Орбита,true,0,0,0,pass,
/ulichnaya-mebel/urny/urna-blok/,product,true,/ulichnaya-mebel/urny/urna-blok/,true,"index, follow",true,1,Урна Блок,true,0,0,0,pass,
/ulichnaya-mebel/urny/urna-ellips/,product,true,/ulichnaya-mebel/urny/urna-ellips/,true,"index, follow",true,1,Урна Эллипс,true,0,0,0,pass,
/ulichnaya-mebel/urny/urna-kolonna/,product,true,/ulichnaya-mebel/urny/urna-kolonna/,true,"index, follow",true,1,Урна Колонна,true,0,0,0,pass,
/ulichnaya-mebel/urny/urna-layn/,product,true,/ulichnaya-mebel/urny/urna-layn/,true,"index, follow",true,1,Урна Лайн,true,0,0,0,pass,
/ulichnaya-mebel/urny/urna-monolit/,product,true,/ulichnaya-mebel/urny/urna-monolit/,true,"index, follow",true,1,Урна Монолит,true,0,0,0,pass,
/ulichnaya-mebel/urny/urna-panel/,product,true,/ulichnaya-mebel/urny/urna-panel/,true,"index, follow",true,1,Урна Панель,true,0,0,0,pass,
/ulichnaya-mebel/urny/urna-profil/,product,true,/ulichnaya-mebel/urny/urna-profil/,true,"index, follow",true,1,Урна Профиль,true,0,0,0,pass,
/ulichnaya-mebel/urny/urna-slim/,product,true,/ulichnaya-mebel/urny/urna-slim/,true,"index, follow",true,1,Урна Слим,true,0,0,0,pass,
/ulichnaya-mebel/urny/urna-vertikal/,product,true,/ulichnaya-mebel/urny/urna-vertikal/,true,"index, follow",true,1,Урна Вертикаль,true,0,0,0,pass,
/ulichnaya-mebel/vazony-i-tsvetochnitsy/vazon-gorizont/,product,true,/ulichnaya-mebel/vazony-i-tsvetochnitsy/vazon-gorizont/,true,"index, follow",true,1,Вазон Горизонт,true,0,0,0,pass,
/ulichnaya-mebel/vazony-i-tsvetochnitsy/vazon-koltso/,product,true,/ulichnaya-mebel/vazony-i-tsvetochnitsy/vazon-koltso/,true,"index, follow",true,1,Вазон Кольцо,true,0,0,0,pass,
/ulichnaya-mebel/vazony-i-tsvetochnitsy/vazon-kontur/,product,true,/ulichnaya-mebel/vazony-i-tsvetochnitsy/vazon-kontur/,true,"index, follow",true,1,Вазон Контур,true,0,0,0,pass,
/ulichnaya-mebel/vazony-i-tsvetochnitsy/vazon-lenta/,product,true,/ulichnaya-mebel/vazony-i-tsvetochnitsy/vazon-lenta/,true,"index, follow",true,1,Вазон Лента,true,0,0,0,pass,
/ulichnaya-mebel/vazony-i-tsvetochnitsy/vazon-oval/,product,true,/ulichnaya-mebel/vazony-i-tsvetochnitsy/vazon-oval/,true,"index, follow",true,1,Вазон Овал,true,0,0,0,pass,
/ulichnaya-mebel/vazony-i-tsvetochnitsy/vazon-ritm/,product,true,/ulichnaya-mebel/vazony-i-tsvetochnitsy/vazon-ritm/,true,"index, follow",true,1,Вазон Ритм,true,0,0,0,pass,
/ulichnaya-mebel/vazony-i-tsvetochnitsy/vazon-soft/,product,true,/ulichnaya-mebel/vazony-i-tsvetochnitsy/vazon-soft/,true,"index, follow",true,1,Вазон Софт,true,0,0,0,pass,
/ulichnaya-mebel/veloparkovki/veloparkovka-duga/,product,true,/ulichnaya-mebel/veloparkovki/veloparkovka-duga/,true,"index, follow",true,1,Велопарковка Дуга,true,0,0,0,pass,
/ulichnaya-mebel/veloparkovki/veloparkovka-marker/,product,true,/ulichnaya-mebel/veloparkovki/veloparkovka-marker/,true,"index, follow",true,1,Велопарковка Маркер,true,0,0,0,pass,
/ulichnaya-mebel/veloparkovki/veloparkovka-pik/,product,true,/ulichnaya-mebel/veloparkovki/veloparkovka-pik/,true,"index, follow",true,1,Велопарковка Пик,true,0,0,0,pass,
/ulichnaya-mebel/veloparkovki/veloparkovka-pilon/,product,true,/ulichnaya-mebel/veloparkovki/veloparkovka-pilon/,true,"index, follow",true,1,Велопарковка Пилон,true,0,0,0,pass,
/ulichnaya-mebel/veloparkovki/veloparkovka-ramka/,product,true,/ulichnaya-mebel/veloparkovki/veloparkovka-ramka/,true,"index, follow",true,1,Велопарковка Рамка,true,0,0,0,pass,
/vypolnennye-obekty/,projects-archive,true,/vypolnennye-obekty/,true,"index, follow",true,1,Выполненные объекты,true,0,0,0,pass,
/vypolnennye-obekty/blagoustroystvo-naberezhnoy-reki-tobol/,project,true,/vypolnennye-obekty/blagoustroystvo-naberezhnoy-reki-tobol/,true,"index, follow",true,1,Благоустройство набережной реки Тобол,true,0,0,0,pass,
/vypolnennye-obekty/gorodskie-kacheli-dlya-obshchestvennyh-territoriy/,project,true,/vypolnennye-obekty/gorodskie-kacheli-dlya-obshchestvennyh-territoriy/,true,"index, follow",true,1,Городские качели для общественных территорий,true,0,0,0,pass,
/vypolnennye-obekty/kompleks-rabot-na-proizvodstvennoy-territorii/,project,true,/vypolnennye-obekty/kompleks-rabot-na-proizvodstvennoy-territorii/,true,"index, follow",true,1,Комплекс работ на производственной территории,true,0,0,0,pass,
/vypolnennye-obekty/remont-skvera-na-ulitse-gogolya/,project,true,/vypolnennye-obekty/remont-skvera-na-ulitse-gogolya/,true,"index, follow",true,1,Частичный ремонт сквера на улице Гоголя,true,0,0,0,pass,
/o-nas/,company,true,/o-nas/,true,"index, follow",true,1,"Изделия, конструкции и работы под задачу объекта",true,0,0,0,pass,
/kontakty/,contacts,true,/kontakty/,true,"index, follow",true,1,Контакты,true,0,0,0,pass,
/vakansii/,vacancies,true,/vakansii/,true,"index, follow",true,1,Вакансии,true,0,0,0,pass,
/vakansii/svarshchik-metallokonstruktsiy/,vacancy,true,/vakansii/svarshchik-metallokonstruktsiy/,true,"index, follow",true,1,Сварщик металлоконструкций,true,0,0,0,pass,
/politika-konfidencialnosti/,privacy,true,/politika-konfidencialnosti/,true,"index, follow",true,1,Политика конфиденциальности и обработки персональных данных,true,0,0,0,pass,
/izgotovlenie-na-zakaz/,custom-order,true,/izgotovlenie-na-zakaz/,true,"index, follow",true,1,Изготовление под задачу объекта,true,0,0,0,pass,
/lavochki-i-skameyki/,legacy,true,/ulichnaya-mebel/lavochki-i-skameyki/,true,"noindex, nofollow",true,1,Лавочки и скамейки,true,0,0,0,pass,
/urny/,legacy,true,/ulichnaya-mebel/urny/,true,"noindex, nofollow",true,1,Урны,true,0,0,0,pass,
/navesy/,legacy,true,/navesy-i-kozyrki/,true,"noindex, nofollow",true,1,Навесы и козырьки,true,0,0,0,pass,
/404.html,404,true,,true,"noindex, nofollow",true,1,Страница не найдена,true,0,0,0,pass,
